{"val_loss": [0.09640824611745774, 0.07950595847517251, 0.07676600936576725], "val_acc": [0.9732, 0.9773, 0.9778], "loss": [0.8413050886316598, 0.13176622622400522, 0.1076656290094927], "acc": [0.88936, 0.95946, 0.9663]}